outlet_id,outlet_type,province,city,wholesaler_region,months_active,tickets,units,revenue,avg_aov,avg_weekend_share,avg_promo_share,tickets_per_month,cltv_proxy,segment
O0001,Bottle Store,KwaZulu-Natal,Durban,South Hub,12,522,3431,98720.38,188.91624239795522,0.3441734083019024,1.0,43.5,98614.27853173262,Core / Mid-Tier
O0002,Tavern,Limpopo,Polokwane,Coastal Hub,12,1107,10391,285472.58999999997,259.78880560125054,0.376322251705376,1.0,92.25,287586.2078005844,Cash Cows
O0003,Liquor Store,Limpopo,Polokwane,South Hub,12,568,3541,101408.43,178.82943149197732,0.31073765647392876,1.0,47.333333333333336,101575.11708744311,Core / Mid-Tier
O0004,Liquor Store,Eastern Cape,Mdantsane,North Hub,12,592,3870,110259.04,186.31604660847844,0.3624263590789549,1.0,49.333333333333336,110299.09959221924,Core / Mid-Tier
O0005,Tavern,Limpopo,Polokwane,Coastal Hub,12,1099,9838,272585.26,247.098370945209,0.36692449289765267,1.0,91.58333333333333,271561.10966878466,Cash Cows
O0006,Tavern,KwaZulu-Natal,Durban,South Hub,12,969,8414,239230.68,247.88355245300875,0.3855383641757708,1.0,80.75,240199.16232696548,Core / Mid-Tier
O0007,Liquor Store,Eastern Cape,Mdantsane,North Hub,12,644,4086,111521.86,169.84170105155815,0.33256626577510806,1.0,53.666666666666664,109378.05547720345,Core / Mid-Tier
O0008,Tavern,Limpopo,Polokwane,North Hub,12,1073,9355,257729.59,239.1819060117558,0.39628519293683745,1.0,89.41666666666667,256642.185150614,Core / Mid-Tier
O0009,Liquor Store,Gauteng,Tembisa,Coastal Hub,12,645,4088,113544.24,177.6428357970362,0.33710081187294233,1.0,53.75,114579.62908908835,Core / Mid-Tier
O0010,Liquor Store,Western Cape,Khayelitsha,South Hub,12,609,3898,109346.31,178.92140912335296,0.38872514978513406,1.0,50.75,108963.13815612195,Core / Mid-Tier
O0011,Supermarket,KwaZulu-Natal,Umlazi,North Hub,12,400,2893,79340.43,198.02216324700203,0.33022000418282943,1.0,33.333333333333336,79208.86529880081,Core / Mid-Tier
O0012,Bottle Store,Gauteng,Soweto,South Hub,12,502,3201,92514.81999999999,182.2157420436488,0.4345133407479876,1.0,41.833333333333336,91472.30250591169,Core / Mid-Tier
O0013,Supermarket,KwaZulu-Natal,Pietermaritzburg,South Hub,12,429,3013,83717.69,195.47535475394508,0.32663638582171733,1.0,35.75,83858.92718944245,Core / Mid-Tier
O0014,Supermarket,KwaZulu-Natal,Durban,Coastal Hub,12,411,2733,76844.85,188.2451286834229,0.39123218002050847,1.0,34.25,77368.7478888868,Core / Mid-Tier
O0015,Tavern,KwaZulu-Natal,Umlazi,North Hub,12,1091,10116,282525.3,258.4443949662386,0.45187176932153306,1.0,90.91666666666667,281962.8349081663,Cash Cows
O0016,Tavern,Free State,Bloemfontein,South Hub,12,1189,10907,308297.69,258.1101495698642,0.3719328817839986,1.0,99.08333333333333,306892.9678385685,Cash Cows
O0017,Tavern,KwaZulu-Natal,Durban,North Hub,12,1024,9419,263525.98,259.18397603045815,0.3838294568461215,1.0,85.33333333333333,265404.3914551891,Occasional Big Spenders
O0018,Liquor Store,Free State,Bloemfontein,North Hub,12,680,4370,119370.82,176.7318571761865,0.28725937175808636,1.0000000000000002,56.666666666666664,120177.66287980683,Core / Mid-Tier
O0019,Tavern,Eastern Cape,Mdantsane,Coastal Hub,12,1106,9821,275380.23,249.24806324750102,0.40322865096605814,1.0,92.16666666666667,275668.3579517362,Cash Cows
O0020,Tavern,Eastern Cape,Gqeberha,North Hub,12,1085,9983,277905.96,255.89161802596323,0.39066871447922,1.0,90.41666666666667,277642.4055581701,Cash Cows
O0021,Tavern,KwaZulu-Natal,Pietermaritzburg,Coastal Hub,12,1121,10145,282463.1,252.7430965182058,0.3765329556144732,1.0,93.41666666666667,283325.0111969087,Cash Cows
O0022,Tavern,Limpopo,Polokwane,South Hub,12,1025,9580,260539.45,252.89379486743348,0.38781519130032976,1.0,85.41666666666667,259216.13973911933,Occasional Big Spenders
O0023,Tavern,Gauteng,Pretoria,North Hub,12,1131,10273,283713.61,252.62326056897282,0.4044518313489123,1.0,94.25,285716.9077035083,Cash Cows
O0024,Tavern,Limpopo,Polokwane,Coastal Hub,12,1042,9553,261386.8,252.13956177694538,0.4003193832440053,1.0,86.83333333333333,262729.4233715771,Occasional Big Spenders
O0025,Tavern,Gauteng,Tembisa,North Hub,12,1065,10027,271526.04,254.0323516508644,0.4168495790942924,1.0,88.75,270544.4545081706,Occasional Big Spenders
O0026,Supermarket,KwaZulu-Natal,Durban,Coastal Hub,12,424,3060,86023.61,204.8035007877655,0.26979671382880915,1.0,35.333333333333336,86836.68433401258,Core / Mid-Tier
O0027,Tavern,Western Cape,Cape Town,South Hub,12,1201,10700,298332.33,249.1130205220569,0.4121089000695044,1.0,100.08333333333333,299184.73764699034,Cash Cows
O0028,Tavern,Limpopo,Polokwane,Coastal Hub,12,1241,11309,307218.47,246.84552804117618,0.40547311678910963,1.0,103.41666666666667,306335.30029909965,Cash Cows
O0029,Tavern,Limpopo,Polokwane,Coastal Hub,12,1111,10150,279458.58,250.96935654295984,0.40927545835460566,1.0,92.58333333333333,278826.95511922834,Cash Cows
O0030,Tavern,Western Cape,Khayelitsha,South Hub,12,1122,10182,276744.49,245.52091835803176,0.36257730842794417,1.0000000000000002,93.5,275474.4703977117,Cash Cows
O0031,Tavern,Western Cape,Cape Town,Coastal Hub,12,1105,9991,279597.21,252.4080190861072,0.3516608302222064,1.0,92.08333333333333,278910.86109014845,Cash Cows
O0032,Bottle Store,KwaZulu-Natal,Durban,North Hub,12,479,3345,91460.4,191.3785040324431,0.32904686552878415,1.0,39.916666666666664,91670.30343154023,Core / Mid-Tier
O0033,Tavern,Free State,Bloemfontein,North Hub,12,1095,9922,277146.03,252.94998018569981,0.3630386293381722,1.0,91.25,276980.2283033413,Cash Cows
O0034,Bottle Store,Free State,Bloemfontein,Coastal Hub,12,519,3445,94137.32,180.66134921075857,0.4197038792644854,1.0,43.25,93763.24024038369,Core / Mid-Tier
O0035,Tavern,Gauteng,Tembisa,North Hub,12,1022,9160,255079.5,250.60674204769757,0.3112643424668873,1.0,85.16666666666667,256120.09037274693,Occasional Big Spenders
O0036,Tavern,Gauteng,Tembisa,South Hub,12,937,8627,236676.17,251.32294062458286,0.40812935190380095,1.0,78.08333333333333,235489.59536523413,Occasional Big Spenders
O0037,Supermarket,KwaZulu-Natal,Umlazi,South Hub,12,472,3392,95337.14,200.64014368853395,0.2961517357123599,1.0,39.333333333333336,94702.14782098803,Core / Mid-Tier
O0038,Tavern,Limpopo,Polokwane,South Hub,12,1021,9046,252321.68,247.73207306391495,0.39286626185552614,1.0000000000000002,85.08333333333333,252934.44659825717,Core / Mid-Tier
O0039,Tavern,Western Cape,Bellville,North Hub,12,966,8956,245978.35,254.67787357512762,0.39236117365198825,1.0,80.5,246018.82587357328,Occasional Big Spenders
O0040,Supermarket,Eastern Cape,Gqeberha,South Hub,12,443,3156,87958.95,199.6127540391603,0.3929069608911093,1.0,36.916666666666664,88428.45003934801,Core / Mid-Tier
O0041,Tavern,Free State,Bloemfontein,North Hub,12,1132,10342,287701.31,255.9019907784766,0.3940036736373806,1.0,94.33333333333333,289681.0535612355,Cash Cows
O0042,Supermarket,KwaZulu-Natal,Umlazi,Coastal Hub,12,409,2768,77316.63,187.48038355825403,0.34123415363244597,1.0,34.083333333333336,76679.4768753259,Core / Mid-Tier
O0043,Liquor Store,KwaZulu-Natal,Umlazi,North Hub,12,712,4373,126345.76,178.48290409454592,0.30031792530828655,1.0,59.333333333333336,127079.8277153167,Core / Mid-Tier
O0044,Supermarket,Eastern Cape,Mdantsane,Coastal Hub,12,413,2872,81691.37,199.7269253780598,0.3447000774441588,1.0,34.416666666666664,82487.22018113869,Core / Mid-Tier
O0045,Supermarket,Eastern Cape,Mdantsane,Coastal Hub,12,378,2595,75969.98,200.5976496857124,0.26271356595326906,1.0,31.5,75825.9115811993,Core / Mid-Tier
O0046,Tavern,Western Cape,Cape Town,Coastal Hub,12,1203,10807,297958.53,247.135981175231,0.39555455954161983,1.0,100.25,297304.5853538029,Cash Cows
O0047,Supermarket,Free State,Bloemfontein,Coastal Hub,12,468,3223,94217.07,201.9570069030883,0.28650420090246936,1.0,39.0,94515.87923064533,Core / Mid-Tier
O0048,Liquor Store,Gauteng,Tembisa,Coastal Hub,12,501,3094,88355.91,177.1046538998818,0.26882301978033146,1.0,41.75,88729.43160384079,Core / Mid-Tier
O0049,Tavern,Limpopo,Polokwane,Coastal Hub,12,1079,9896,267693.63,249.1315812571049,0.41296538857366066,1.0,89.91666666666667,268812.9761764162,Core / Mid-Tier
O0050,Supermarket,KwaZulu-Natal,Umlazi,Coastal Hub,12,417,2816,81785.77,193.9461380070403,0.35437650626394596,1.0,34.75,80875.5395489358,Core / Mid-Tier
O0051,Liquor Store,Limpopo,Polokwane,South Hub,12,577,3694,103748.13,177.7281404628519,0.3586149116958279,1.0,48.083333333333336,102549.13704706557,Core / Mid-Tier
O0052,Liquor Store,Limpopo,Polokwane,South Hub,12,683,4265,121584.39,177.09042330231435,0.3482485354784257,1.0,56.916666666666664,120952.75911548069,Core / Mid-Tier
O0053,Liquor Store,Eastern Cape,Mdantsane,North Hub,12,599,3774,105492.58,178.9659201017671,0.33155351793102245,1.0,49.916666666666664,107200.58614095848,Core / Mid-Tier
O0054,Liquor Store,Western Cape,Cape Town,North Hub,12,639,3787,108586.4,170.48178991639801,0.33994565967336127,1.0,53.25,108937.86375657833,Core / Mid-Tier
O0055,Tavern,KwaZulu-Natal,Pietermaritzburg,South Hub,12,947,8463,237230.13,251.4761722586584,0.42044507402723275,1.0000000000000002,78.91666666666667,238147.93512894952,Occasional Big Spenders
O0056,Tavern,Western Cape,Bellville,Coastal Hub,12,1112,9748,275491.14,247.64600705727676,0.3982527276327114,1.0,92.66666666666667,275382.3598476918,Cash Cows
O0057,Tavern,Limpopo,Polokwane,North Hub,12,1027,9425,263330.08,259.77588339471885,0.3174725500478485,1.0,85.58333333333333,266789.8322463762,Occasional Big Spenders
O0058,Liquor Store,KwaZulu-Natal,Umlazi,Coastal Hub,12,654,4156,116399.46,177.0693851857839,0.32756838024542717,1.0,54.5,115803.37791150266,Core / Mid-Tier
O0059,Liquor Store,KwaZulu-Natal,Umlazi,South Hub,12,627,3850,106180.44,167.88385115045511,0.3380076453524879,1.0,52.25,105263.17467133535,Core / Mid-Tier
O0060,Liquor Store,Western Cape,Bellville,South Hub,12,565,3617,102184.77,180.07306373416247,0.3142348332219508,1.0,47.083333333333336,101741.28100980181,Core / Mid-Tier
O0061,Liquor Store,KwaZulu-Natal,Durban,Coastal Hub,12,643,4004,115477.56,179.8115423898289,0.32770607325353646,1.0,53.583333333333336,115618.82175665999,Core / Mid-Tier
O0062,Tavern,Free State,Bloemfontein,North Hub,12,1138,10014,276584.65,243.4052006486141,0.3228450648006718,1.0,94.83333333333333,276995.11833812285,Cash Cows
O0063,Tavern,Gauteng,Pretoria,North Hub,12,1141,10304,291596.92,254.48384481837056,0.3676733919726857,1.0,95.08333333333333,290366.0669377608,Cash Cows
O0064,Liquor Store,Free State,Bloemfontein,Coastal Hub,12,621,3930,112042.39,180.2263436700769,0.33829992449319585,1.0,51.75,111920.55941911774,Core / Mid-Tier
O0065,Bottle Store,KwaZulu-Natal,Durban,South Hub,12,448,2805,78634.49,174.84168037140705,0.3598378690894825,1.0,37.333333333333336,78329.07280639037,Core / Mid-Tier
O0066,Liquor Store,Eastern Cape,Mdantsane,North Hub,12,697,4530,125142.72,178.95630746007092,0.3527902788935194,1.0000000000000002,58.083333333333336,124732.54629966944,Core / Mid-Tier
O0067,Liquor Store,Western Cape,Bellville,North Hub,12,569,3522,97405.27,171.841509745975,0.29566896902362144,1.0,47.416666666666664,97777.81904545978,Core / Mid-Tier
O0068,Supermarket,Limpopo,Polokwane,South Hub,12,407,3009,83768.7,206.93818460032017,0.4017742311034545,1.0,33.916666666666664,84223.8411323303,Core / Mid-Tier
O0069,Tavern,Limpopo,Polokwane,Coastal Hub,12,1109,9799,277094.99,249.94927636588645,0.394859262271494,0.9999999999999999,92.41666666666667,277193.7474897681,Cash Cows
O0070,Tavern,Gauteng,Tembisa,South Hub,12,1186,10927,303342.93,257.10810978555884,0.39486303760107627,1.0,98.83333333333333,304930.21820567275,Cash Cows
O0071,Tavern,Limpopo,Polokwane,South Hub,12,1188,10564,287339.0,243.88859369303225,0.3996671990326361,1.0,99.0,289739.64930732234,Cash Cows
O0072,Liquor Store,Free State,Bloemfontein,Coastal Hub,12,698,4543,127651.31,181.90596141649772,0.3452386342834575,1.0,58.166666666666664,126970.3610687154,Core / Mid-Tier
O0073,Liquor Store,KwaZulu-Natal,Umlazi,Coastal Hub,12,573,3769,105832.44,184.03649560301417,0.32836602971844425,1.0,47.75,105452.91198052712,Core / Mid-Tier
O0074,Liquor Store,Western Cape,Bellville,Coastal Hub,12,664,4304,123466.14,185.4317858616953,0.26046026532109984,1.0,55.333333333333336,123126.70581216566,Core / Mid-Tier
O0075,Bottle Store,Western Cape,Cape Town,South Hub,12,519,3546,98571.06,190.58837624319457,0.447866360673548,1.0,43.25,98915.36727021799,Core / Mid-Tier
O0076,Tavern,Free State,Bloemfontein,North Hub,12,1063,9691,269075.55,252.60420651760003,0.4046378767720867,1.0,88.58333333333333,268518.27152820886,Occasional Big Spenders
O0077,Tavern,Eastern Cape,Gqeberha,South Hub,12,1141,10376,292183.77,255.87852271750117,0.3643386620000435,1.0,95.08333333333333,291957.39442066883,Cash Cows
O0078,Liquor Store,Gauteng,Johannesburg,South Hub,12,681,4300,123417.02,181.85947882313758,0.23950415548144918,1.0,56.75,123846.30507855669,Core / Mid-Tier
O0079,Tavern,Limpopo,Polokwane,North Hub,12,996,9370,253969.9,255.12636153386381,0.35402669139391435,1.0,83.0,254105.85608772837,Occasional Big Spenders
O0080,Tavern,Eastern Cape,Gqeberha,Coastal Hub,12,1121,10081,283872.56,252.8543698629217,0.38725911466914004,1.0,93.41666666666667,283449.7486163352,Cash Cows
O0081,Tavern,KwaZulu-Natal,Pietermaritzburg,South Hub,12,1113,9994,274065.83,246.33599734758414,0.4530584532912805,1.0,92.75,274171.96504786116,Cash Cows
O0082,Liquor Store,Gauteng,Pretoria,Coastal Hub,12,661,4354,120706.62000000001,182.39074494573723,0.32428227213141136,1.0,55.083333333333336,120560.28240913231,Core / Mid-Tier
O0083,Liquor Store,Limpopo,Polokwane,Coastal Hub,12,557,3696,99012.70999999999,177.66503138314442,0.2960821437610632,1.0,46.416666666666664,98959.42248041145,Core / Mid-Tier
O0084,Supermarket,Gauteng,Johannesburg,North Hub,12,394,2742,79713.62,202.8233432928016,0.3513417793626678,1.0,32.833333333333336,79912.39725736383,Core / Mid-Tier
O0085,Supermarket,KwaZulu-Natal,Pietermaritzburg,Coastal Hub,12,392,2700,80147.27,203.23322883787594,0.36729886301032666,1.0,32.666666666666664,79667.42570444736,Core / Mid-Tier
O0086,Tavern,Western Cape,Khayelitsha,North Hub,12,1066,9499,265527.32,249.9502248938986,0.41877353736426093,1.0,88.83333333333333,266446.9397368959,Core / Mid-Tier
O0087,Tavern,Free State,Bloemfontein,Coastal Hub,12,927,8328,233832.11,251.8113855607169,0.42183968707614666,1.0,77.25,233429.15441478457,Occasional Big Spenders
O0088,Tavern,Western Cape,Khayelitsha,North Hub,12,1147,10571,288294.92,253.64149084586703,0.40383085380482514,1.0,95.58333333333333,290926.79000020947,Cash Cows
O0089,Supermarket,Limpopo,Polokwane,South Hub,12,408,2782,78590.31,194.7348452426401,0.36654807271565787,1.0,34.0,79451.81685899716,Core / Mid-Tier
O0090,Tavern,Gauteng,Pretoria,Coastal Hub,12,1015,9060,246931.0,242.2175173530742,0.35913351975743996,1.0,84.58333333333333,245850.78011337027,Core / Mid-Tier
O0091,Tavern,Gauteng,Pretoria,South Hub,12,1025,9603,259560.06,250.8327671491032,0.38158535729668097,1.0,85.41666666666667,257103.5863278308,Occasional Big Spenders
O0092,Tavern,Western Cape,Bellville,South Hub,12,1089,10113,282582.96,258.6998297631805,0.42134111580308636,1.0,90.75,281724.11461210356,Cash Cows
O0093,Liquor Store,Gauteng,Johannesburg,Coastal Hub,12,538,3385,96526.67,177.4591800342789,0.3157648122740005,1.0,44.833333333333336,95473.03885844204,Core / Mid-Tier
O0094,Liquor Store,Free State,Bloemfontein,South Hub,12,648,4160,114542.23999999999,176.5435716412123,0.2880365830349972,1.0,54.0,114400.23442350558,Core / Mid-Tier
O0095,Tavern,Free State,Bloemfontein,South Hub,12,1102,10240,286000.8,261.9946438053476,0.3587773647263501,1.0,91.83333333333333,288718.0974734931,Cash Cows
O0096,Liquor Store,Free State,Bloemfontein,Coastal Hub,12,608,3920,112142.48,184.3391641340006,0.31450475501694697,1.0,50.666666666666664,112078.21179347235,Core / Mid-Tier
O0097,Tavern,Eastern Cape,Mdantsane,North Hub,12,924,8646,238972.44,256.68710510245404,0.43865031517935976,1.0,77.0,237178.88511466753,Occasional Big Spenders
O0098,Tavern,KwaZulu-Natal,Umlazi,North Hub,12,1010,8833,254628.07,251.85317902575238,0.41674894289020387,1.0,84.16666666666667,254371.7108160099,Occasional Big Spenders
O0099,Liquor Store,Eastern Cape,Gqeberha,South Hub,12,648,4238,119626.29,184.62460934872226,0.36996742829635193,1.0,54.0,119636.74685797202,Core / Mid-Tier
O0100,Liquor Store,Eastern Cape,Mdantsane,Coastal Hub,12,584,3837,107788.19,184.2404281408984,0.3042023446745061,1.0,48.666666666666664,107596.41003428465,Core / Mid-Tier
O0101,Supermarket,Eastern Cape,Mdantsane,South Hub,12,462,3249,89614.51,192.77876929250124,0.34733037922811766,1.0,38.5,89063.79141313556,Core / Mid-Tier
O0102,Liquor Store,Limpopo,Polokwane,Coastal Hub,12,634,3875,112453.57,177.4786019325802,0.33855447736084093,1.0,52.833333333333336,112521.43362525586,Core / Mid-Tier
O0103,Liquor Store,Western Cape,Khayelitsha,South Hub,12,645,4268,119168.73,184.31732753200197,0.3215856684578184,1.0,53.75,118884.67625814128,Core / Mid-Tier
O0104,Tavern,Gauteng,Johannesburg,Coastal Hub,12,1033,9680,258968.47999999998,249.78631991847593,0.3755440064550321,1.0,86.08333333333333,258029.26847578562,Core / Mid-Tier
O0105,Liquor Store,Limpopo,Polokwane,South Hub,12,602,3815,109309.01,182.5084158421163,0.3078812855725935,1.0,50.166666666666664,109870.06633695401,Core / Mid-Tier
O0106,Supermarket,Limpopo,Polokwane,South Hub,12,452,3274,90056.38,197.57661609203788,0.3805251645135613,1.0,37.666666666666664,89304.63047360111,Core / Mid-Tier
O0107,Liquor Store,Limpopo,Polokwane,South Hub,12,636,3986,118365.5,184.9145282242208,0.3101336164311536,1.0,53.0,117605.63995060441,Core / Mid-Tier
O0108,Liquor Store,Limpopo,Polokwane,North Hub,12,592,3714,106338.08,179.9047266495505,0.2644898159106723,1.0,49.333333333333336,106503.5981765339,Core / Mid-Tier
O0109,Tavern,Gauteng,Soweto,Coastal Hub,12,994,9353,260844.74,265.41777526433776,0.39398037772816946,1.0,82.83333333333333,263825.26861275174,Occasional Big Spenders
O0110,Tavern,Gauteng,Soweto,South Hub,12,1134,9979,278241.54,246.88732780346035,0.4096021695001677,1.0,94.5,279970.22972912405,Cash Cows
O0111,Tavern,Gauteng,Johannesburg,South Hub,12,1045,9057,258184.49,246.79478109249285,0.3469230553237272,1.0,87.08333333333333,257900.546241655,Core / Mid-Tier
O0112,Tavern,KwaZulu-Natal,Durban,North Hub,12,1086,9866,279749.42,257.44395283889196,0.3764006746291235,1.0,90.5,279584.1327830367,Cash Cows
O0113,Bottle Store,Gauteng,Soweto,Coastal Hub,12,511,3351,95364.98999999999,186.41856517726964,0.34935073063354666,1.0,42.583333333333336,95259.8868055848,Core / Mid-Tier
O0114,Bottle Store,Free State,Bloemfontein,Coastal Hub,12,470,2891,81907.51,174.0284736629907,0.3074413064878732,1.0,39.166666666666664,81793.38262160562,Core / Mid-Tier
O0115,Tavern,Western Cape,Bellville,North Hub,12,1008,9077,242675.79,239.2159825599691,0.332892109015493,1.0,84.0,241129.71042044886,Core / Mid-Tier
O0116,Liquor Store,Free State,Bloemfontein,Coastal Hub,12,627,4017,115630.53,183.99337643526042,0.3314892941584581,1.0,52.25,115363.84702490829,Core / Mid-Tier
O0117,Bottle Store,Free State,Bloemfontein,South Hub,12,554,3753,106627.14,192.230744885093,0.3432184807770131,1.0,46.166666666666664,106495.83266634154,Core / Mid-Tier
O0118,Liquor Store,Western Cape,Cape Town,Coastal Hub,12,667,4272,120292.98999999999,179.82995572545346,0.36581876510473527,1.0000000000000002,55.583333333333336,119946.58046887745,Core / Mid-Tier
O0119,Liquor Store,Western Cape,Khayelitsha,North Hub,12,568,3598,103215.51000000001,179.2337089634352,0.36848385830705355,1.0,47.333333333333336,101804.74669123118,Core / Mid-Tier
O0120,Supermarket,Gauteng,Pretoria,South Hub,12,391,2736,75876.69,196.27732240304928,0.34476722544187566,1.0000000000000002,32.583333333333336,76744.43305959227,Core / Mid-Tier
O0121,Supermarket,Gauteng,Soweto,North Hub,12,441,3262,89888.09,203.17413470605698,0.2488330308665242,1.0,36.75,89599.79340537114,Core / Mid-Tier
O0122,Tavern,Gauteng,Soweto,Coastal Hub,12,1094,9848,283045.31,257.5783047014285,0.39336388371990183,1.0,91.16666666666667,281790.66534336284,Cash Cows
O0123,Tavern,Eastern Cape,Mdantsane,Coastal Hub,12,1010,9122,250973.84,247.40428717753275,0.3787829175476834,1.0000000000000002,84.16666666666667,249878.33004930808,Core / Mid-Tier
O0124,Supermarket,Limpopo,Polokwane,Coastal Hub,12,398,2750,79664.37,198.699883027827,0.3368711473295068,1.0,33.166666666666664,79082.55344507514,Core / Mid-Tier
O0125,Tavern,Eastern Cape,Mdantsane,North Hub,12,914,8016,221327.72,242.11594445393072,0.38673590060666024,1.0,76.16666666666667,221293.9732308927,Core / Mid-Tier
O0126,Tavern,Limpopo,Polokwane,South Hub,12,1162,10529,296666.63,254.3247382514264,0.35805467788513906,1.0,96.83333333333333,295525.3458481574,Cash Cows
O0127,Supermarket,Gauteng,Tembisa,South Hub,12,429,3237,91632.91,211.49915366527645,0.41260842594263086,1.0,35.75,90733.13692240359,Core / Mid-Tier
O0128,Liquor Store,Limpopo,Polokwane,North Hub,12,641,4091,118445.34999999999,183.9622328050883,0.2769943566105165,1.0,53.416666666666664,117919.7912280616,Core / Mid-Tier
O0129,Bottle Store,KwaZulu-Natal,Pietermaritzburg,Coastal Hub,12,471,3042,84597.43,182.00289118679902,0.3826740304913419,1.0,39.25,85723.36174898234,Core / Mid-Tier
O0130,Tavern,Free State,Bloemfontein,South Hub,12,1138,10560,286224.17,251.3985788280585,0.34486695818865837,1.0,94.83333333333333,286091.5827063306,Cash Cows
O0131,Liquor Store,KwaZulu-Natal,Durban,North Hub,12,588,3903,109710.16,187.4510002023444,0.31174929523897044,1.0,49.0,110221.18811897852,Core / Mid-Tier
O0132,Liquor Store,Limpopo,Polokwane,North Hub,12,525,3404,96415.75,180.84467714715348,0.39177607045587437,1.0,43.75,94943.45550225557,Core / Mid-Tier
O0133,Tavern,Western Cape,Khayelitsha,South Hub,12,940,8871,244105.13,259.68191891599497,0.3713466211536531,1.0,78.33333333333333,244101.00378103525,Occasional Big Spenders
O0134,Supermarket,Gauteng,Pretoria,South Hub,12,438,2966,85040.3,192.2019622104283,0.3170681735928735,1.0,36.5,84184.45944816759,Core / Mid-Tier
O0135,Tavern,Free State,Bloemfontein,South Hub,12,1182,10880,296139.49,249.8264209808284,0.36636271975504237,1.0,98.5,295294.82959933917,Cash Cows
O0136,Bottle Store,Limpopo,Polokwane,South Hub,12,478,3146,89958.58,188.2593151141281,0.3499942322991312,1.0,39.833333333333336,89987.95262455323,Core / Mid-Tier
O0137,Bottle Store,Free State,Bloemfontein,South Hub,12,450,2827,83111.91,184.8922447724631,0.3316049783059683,1.0,37.5,83201.5101476084,Core / Mid-Tier
O0138,Liquor Store,Eastern Cape,Mdantsane,North Hub,12,682,4437,124519.0,180.75328162315574,0.3819104421376713,1.0,56.833333333333336,123273.73806699223,Core / Mid-Tier
O0139,Liquor Store,KwaZulu-Natal,Durban,North Hub,12,587,3780,105688.54000000001,179.67555072972925,0.31397527475182896,1.0,48.916666666666664,105469.54827835108,Core / Mid-Tier
O0140,Tavern,Western Cape,Cape Town,Coastal Hub,12,1107,9925,276388.29,247.15947571317568,0.4658782635146285,1.0,92.25,273605.53961448546,Cash Cows
O0141,Liquor Store,KwaZulu-Natal,Pietermaritzburg,North Hub,12,678,4319,123715.63,180.69275371512745,0.3052815319214978,1.0,56.5,122509.6870188564,Core / Mid-Tier
O0142,Liquor Store,Gauteng,Tembisa,South Hub,12,588,3736,104110.16,177.19011153172798,0.35109402376106663,1.0,49.0,104187.78558065605,Core / Mid-Tier
O0143,Supermarket,Western Cape,Cape Town,South Hub,12,474,3306,91443.2,192.0473639482117,0.2964873441363176,1.0,39.5,91030.45051145235,Core / Mid-Tier
O0144,Tavern,KwaZulu-Natal,Durban,Coastal Hub,12,1176,10452,293360.67,247.75767751913236,0.468676456987972,1.0,98.0,291363.0287624996,Cash Cows
O0145,Tavern,KwaZulu-Natal,Umlazi,South Hub,12,986,8888,246098.7,249.12968522155373,0.4017224930657631,1.0,82.16666666666667,245641.869628452,Core / Mid-Tier
O0146,Liquor Store,Western Cape,Khayelitsha,South Hub,12,723,4663,131345.38,180.42286733258663,0.2962234140192318,1.0,60.25,130445.73308146014,Core / Mid-Tier
O0147,Liquor Store,KwaZulu-Natal,Umlazi,South Hub,12,665,4077,117230.78,176.25348141580773,0.3327504253286483,1.0,55.416666666666664,117208.56514151214,Core / Mid-Tier
O0148,Tavern,Limpopo,Polokwane,South Hub,12,1013,8950,252921.05,249.67049697354275,0.34212312829060704,1.0,84.41666666666667,252916.21343419884,Core / Mid-Tier
O0149,Tavern,Gauteng,Johannesburg,North Hub,12,1056,9916,275779.37,258.83100581854177,0.33477356504482936,1.0,88.0,273325.5421443801,Occasional Big Spenders
O0150,Liquor Store,Limpopo,Polokwane,North Hub,12,561,3377,103149.70999999999,186.0862990041762,0.2888968023064016,1.0,46.75,104394.41374134284,Core / Mid-Tier
O0151,Liquor Store,Limpopo,Polokwane,South Hub,12,650,4285,121125.47,187.15509582289278,0.3506076114333776,1.0,54.166666666666664,121650.81228488029,Core / Mid-Tier
O0152,Supermarket,KwaZulu-Natal,Durban,North Hub,12,397,2805,80825.87,207.97003074276623,0.3249493995847225,1.0,33.083333333333336,82564.1022048782,Core / Mid-Tier
O0153,Tavern,Free State,Bloemfontein,North Hub,12,985,8862,244420.55,249.64591073731336,0.3888540149765121,1.0,82.08333333333333,245901.22207625365,Core / Mid-Tier
O0154,Tavern,Free State,Bloemfontein,Coastal Hub,12,1242,11268,314316.39,252.39517742672402,0.4078991914572352,1.0,103.5,313474.8103639912,Cash Cows
O0155,Supermarket,Western Cape,Bellville,North Hub,12,446,3286,93447.06,209.58827428412042,0.3921050877181606,1.0,37.166666666666664,93476.37033071769,Core / Mid-Tier
O0156,Supermarket,Western Cape,Cape Town,South Hub,12,451,3216,92834.86,207.95236619652113,0.3140995219073048,1.0,37.583333333333336,93786.51715463103,Core / Mid-Tier
O0157,Supermarket,KwaZulu-Natal,Umlazi,North Hub,12,434,3185,87146.73999999999,199.51439167062532,0.3814973729425508,1.0000000000000002,36.166666666666664,86589.24598505138,Core / Mid-Tier
O0158,Liquor Store,Limpopo,Polokwane,South Hub,12,705,4547,127784.58,180.91393100657967,0.31817611685813474,1.0,58.75,127544.32135963868,Core / Mid-Tier
O0159,Supermarket,Gauteng,Soweto,Coastal Hub,12,384,2776,74985.29000000001,195.99413325731788,0.309598113625054,1.0,32.0,75261.74717081006,Core / Mid-Tier
O0160,Liquor Store,KwaZulu-Natal,Durban,Coastal Hub,12,615,3989,113597.95999999999,184.11484129194545,0.33242219864350026,1.0,51.25,113230.62739454646,Core / Mid-Tier
O0161,Tavern,Eastern Cape,Gqeberha,Coastal Hub,12,1046,9354,264980.45,253.7372769126346,0.4175906725306843,1.0,87.16666666666667,265409.1916506158,Occasional Big Spenders
O0162,Tavern,Limpopo,Polokwane,South Hub,12,1089,9727,266733.28,247.70662815409807,0.4011090523024327,1.0,90.75,269752.51805981284,Core / Mid-Tier
O0163,Tavern,Free State,Bloemfontein,South Hub,12,1094,10169,280674.53,256.08881878631047,0.36123224628898165,1.0,91.16666666666667,280161.1677522237,Cash Cows
O0164,Liquor Store,KwaZulu-Natal,Umlazi,Coastal Hub,12,646,3986,114342.15,176.02378604703566,0.3837583742052388,1.0,53.833333333333336,113711.36578638504,Core / Mid-Tier
O0165,Tavern,Limpopo,Polokwane,South Hub,12,1051,9527,264373.68,252.83924820926117,0.3612707789157475,1.0,87.58333333333333,265734.04986793344,Occasional Big Spenders
O0166,Liquor Store,KwaZulu-Natal,Durban,South Hub,12,678,4431,124172.53,182.6294675198924,0.3188717736111896,1.0,56.5,123822.77897848704,Core / Mid-Tier
O0167,Tavern,Eastern Cape,Mdantsane,North Hub,12,1009,8989,248578.78,245.82369634352395,0.36715088628033493,1.0,84.08333333333333,248036.10961061565,Core / Mid-Tier
O0168,Supermarket,Free State,Bloemfontein,Coastal Hub,12,398,2856,80009.55,201.17109062167262,0.3601717168419791,1.0,33.166666666666664,80066.0940674257,Core / Mid-Tier
O0169,Tavern,Western Cape,Khayelitsha,North Hub,12,1079,9777,272788.74,252.73551263705818,0.3889511057671609,1.0000000000000002,89.91666666666667,272701.6181353858,Cash Cows
O0170,Tavern,Western Cape,Bellville,North Hub,12,1155,10372,286205.64,247.15142166240457,0.3813438224610794,1.0,96.25,285459.89202007727,Cash Cows
O0171,Tavern,Eastern Cape,Gqeberha,North Hub,12,1047,9256,259363.16999999998,247.05348590121685,0.38427635926501075,1.0,87.25,258664.99973857403,Core / Mid-Tier
O0172,Liquor Store,Limpopo,Polokwane,North Hub,12,637,4091,114171.73999999999,178.21711557745974,0.36351879449478425,1.0,53.083333333333336,113524.30262284185,Core / Mid-Tier
O0173,Supermarket,Western Cape,Cape Town,North Hub,12,420,2985,82440.36,200.14258050230967,0.24886999406996477,1.0,35.0,84059.88381097006,Core / Mid-Tier
O0174,Supermarket,Eastern Cape,Gqeberha,Coastal Hub,12,464,3161,90200.70999999999,195.09354286731397,0.3713923993814328,1.0000000000000002,38.666666666666664,90523.40389043368,Core / Mid-Tier
O0175,Bottle Store,KwaZulu-Natal,Pietermaritzburg,South Hub,12,474,3165,88741.27,188.87596084836414,0.2692707108979155,1.0000000000000002,39.5,89527.2054421246,Core / Mid-Tier
O0176,Tavern,Limpopo,Polokwane,South Hub,12,1130,10607,291276.58999999997,258.53776482555105,0.4363996960351338,1.0,94.16666666666667,292147.6742528727,Cash Cows
O0177,Liquor Store,KwaZulu-Natal,Pietermaritzburg,South Hub,12,652,4240,120500.92,184.3185129794313,0.3526326079340872,1.0,54.333333333333336,120175.67046258922,Core / Mid-Tier
O0178,Tavern,KwaZulu-Natal,Pietermaritzburg,Coastal Hub,12,1013,9472,258940.4,254.95659628166857,0.3073696318321077,1.0,84.41666666666667,258271.0320333303,Occasional Big Spenders
O0179,Tavern,Eastern Cape,Mdantsane,South Hub,12,1104,10061,277711.47,249.33337567603033,0.4000623414098745,1.0,92.0,275264.0467463375,Cash Cows
O0180,Supermarket,KwaZulu-Natal,Durban,North Hub,12,428,2957,84271.01,198.25294683176836,0.3537691140521962,1.0,35.666666666666664,84852.26124399685,Core / Mid-Tier
O0181,Tavern,KwaZulu-Natal,Pietermaritzburg,South Hub,12,1105,9981,274447.65,249.1184989564787,0.35134136828557544,1.0,92.08333333333333,275275.9413469089,Cash Cows
O0182,Tavern,Gauteng,Pretoria,South Hub,12,1070,9857,266587.29,249.13385355851426,0.405526578317138,1.0,89.16666666666667,266573.22330761026,Core / Mid-Tier
O0183,Tavern,Free State,Bloemfontein,North Hub,12,1180,10700,292170.39,248.93790464086206,0.31728056197023674,0.9999999999999999,98.33333333333333,293746.7274762172,Cash Cows
O0184,Tavern,Free State,Bloemfontein,North Hub,12,1026,9125,255293.34,248.12311108249114,0.33486303518469535,1.0,85.5,254574.3119706359,Core / Mid-Tier
O0185,Bottle Store,Free State,Bloemfontein,North Hub,12,492,3225,92182.12,187.36580678882066,0.35196305810436196,1.0,41.0,92183.97694009976,Core / Mid-Tier
O0186,Bottle Store,Gauteng,Johannesburg,Coastal Hub,12,485,3160,94255.23999999999,195.19665494643914,0.318466980098943,1.0000000000000002,40.416666666666664,94670.37764902298,Core / Mid-Tier
O0187,Tavern,Western Cape,Khayelitsha,South Hub,12,1199,10942,301530.92,251.3069416699761,0.4104538611721602,1.0000000000000002,99.91666666666667,301317.0230623014,Cash Cows
O0188,Liquor Store,Western Cape,Cape Town,North Hub,12,568,3512,100853.09,177.9536014891112,0.3665861637634113,1.0,47.333333333333336,101077.64564581518,Core / Mid-Tier
O0189,Tavern,Free State,Bloemfontein,South Hub,12,1006,9427,257954.34,253.89316451339994,0.42246690540843385,1.0,83.83333333333333,255416.52350048034,Occasional Big Spenders
O0190,Liquor Store,Gauteng,Soweto,Coastal Hub,12,538,3691,103050.28,189.58653717354673,0.33474696781533697,1.0,44.833333333333336,101997.55699936814,Core / Mid-Tier
O0191,Liquor Store,Eastern Cape,Gqeberha,North Hub,12,638,3982,111139.82,173.20574815002828,0.3662896381392508,1.0,53.166666666666664,110505.26731971806,Core / Mid-Tier
O0192,Tavern,Free State,Bloemfontein,North Hub,12,1060,9806,267790.25,251.24469116865805,0.4077604360963285,1.0,88.33333333333333,266319.37263877754,Occasional Big Spenders
O0193,Tavern,Western Cape,Cape Town,North Hub,12,1095,9872,276322.89,254.3127452345042,0.42891166141219844,1.0,91.25,278472.4560317821,Cash Cows
O0194,Supermarket,Eastern Cape,Gqeberha,South Hub,12,442,3207,90457.48,202.03472347053085,0.3823529642844439,1.0,36.833333333333336,89299.34777397464,Core / Mid-Tier
O0195,Tavern,Limpopo,Polokwane,Coastal Hub,12,1153,10476,296550.27,256.2239375650674,0.3656132617123537,1.0,96.08333333333333,295426.2000125227,Cash Cows
O0196,Tavern,Eastern Cape,Mdantsane,North Hub,12,1021,9210,257287.34,249.54552335285123,0.39268535917548847,1.0,85.08333333333333,254785.9793432611,Core / Mid-Tier
O0197,Bottle Store,Free State,Bloemfontein,North Hub,12,473,3155,89493.16,189.29855108736479,0.2625373341457473,1.0000000000000002,39.416666666666664,89538.21466432355,Core / Mid-Tier
O0198,Supermarket,Eastern Cape,Gqeberha,Coastal Hub,12,470,3205,92978.04,196.7620627335899,0.3338280250867682,1.0,39.166666666666664,92478.16948478724,Core / Mid-Tier
O0199,Tavern,Western Cape,Khayelitsha,North Hub,12,1070,10001,271536.29,253.72857609025354,0.41733729360325383,1.0,89.16666666666667,271489.5764165713,Cash Cows
O0200,Liquor Store,Eastern Cape,Mdantsane,North Hub,12,669,4315,121695.01999999999,183.22187723524553,0.39445767530964765,1.0,55.75,122575.43587037927,Core / Mid-Tier
O0201,Liquor Store,Western Cape,Cape Town,Coastal Hub,12,682,4522,125655.82,185.39345593264784,0.35716940852839757,1.0,56.833333333333336,126438.33694606583,Core / Mid-Tier
O0202,Liquor Store,Eastern Cape,Gqeberha,North Hub,12,651,4132,117174.28,181.15947479212332,0.412135311512857,1.0,54.25,117934.81808967228,Core / Mid-Tier
O0203,Liquor Store,Gauteng,Pretoria,Coastal Hub,12,528,3457,101113.58,191.27290643500146,0.2661379706927934,1.0,44.0,100992.09459768077,Core / Mid-Tier
O0204,Liquor Store,Gauteng,Pretoria,Coastal Hub,12,646,4112,121372.53,187.61259599428104,0.3067190648880495,1.0,53.833333333333336,121197.73701230556,Core / Mid-Tier
O0205,Tavern,Eastern Cape,Gqeberha,South Hub,12,1120,10147,276633.71,245.75317416903928,0.4145301049691701,1.0,93.33333333333333,275243.555069324,Cash Cows
O0206,Tavern,Gauteng,Johannesburg,South Hub,12,1192,10819,303826.25,253.38636099546454,0.41126866607058093,1.0,99.33333333333333,302036.54230659374,Cash Cows
O0207,Tavern,Western Cape,Bellville,South Hub,12,1166,10575,294291.93,252.4807945030842,0.41948551714272625,1.0,97.16666666666667,294392.6063905962,Cash Cows
O0208,Tavern,Limpopo,Polokwane,North Hub,12,1216,10866,301177.58999999997,249.43613705629437,0.4103163896818769,1.0000000000000002,101.33333333333333,303314.342660454,Cash Cows
O0209,Liquor Store,Gauteng,Tembisa,South Hub,12,590,3815,110356.24,185.23805271644997,0.36676463440607066,1.0,49.166666666666664,109290.45110270548,Core / Mid-Tier
O0210,Bottle Store,Western Cape,Bellville,Coastal Hub,12,451,2914,84076.31,187.1736268836914,0.37809362384296435,1.0,37.583333333333336,84415.30572454483,Core / Mid-Tier
O0211,Liquor Store,KwaZulu-Natal,Durban,South Hub,12,556,3514,99144.51,180.366722924407,0.3478741730276964,1.0,46.333333333333336,100283.8979459703,Core / Mid-Tier
O0212,Bottle Store,Gauteng,Soweto,Coastal Hub,12,478,2987,87314.49,184.40787248361298,0.3120457025449397,1.0,39.833333333333336,88146.96304716701,Core / Mid-Tier
O0213,Bottle Store,Limpopo,Polokwane,North Hub,12,451,2887,83836.37,185.09183383493234,0.30019635394478156,1.0,37.583333333333336,83476.4170595545,Core / Mid-Tier
O0214,Liquor Store,Gauteng,Pretoria,Coastal Hub,12,515,3367,92910.98,180.50326291727325,0.31236552767855935,1.0,42.916666666666664,92959.18040239571,Core / Mid-Tier
O0215,Supermarket,Free State,Bloemfontein,North Hub,12,416,3030,83026.28,197.9551076826704,0.3488321079560497,0.9999999999999999,34.666666666666664,82349.32479599088,Core / Mid-Tier
O0216,Tavern,Eastern Cape,Mdantsane,South Hub,12,1085,9650,270778.82,248.7875471504241,0.3654608654577811,1.0,90.41666666666667,269934.48865821015,Cash Cows
O0217,Liquor Store,Eastern Cape,Gqeberha,South Hub,12,559,3487,101382.13,182.00582745873962,0.3906059947414751,1.0,46.583333333333336,101741.25754943545,Core / Mid-Tier
O0218,Supermarket,Free State,Bloemfontein,North Hub,12,477,3263,91984.12,189.8463126048696,0.27795206781663984,1.0,39.75,90556.69111252279,Core / Mid-Tier
O0219,Liquor Store,Eastern Cape,Gqeberha,North Hub,12,676,4227,120966.08,179.73943228985615,0.3537740040544241,1.0,56.333333333333336,121503.85622794276,Core / Mid-Tier
O0220,Supermarket,Limpopo,Polokwane,North Hub,12,468,3403,94787.35,200.0126863121295,0.36748360911764033,1.0,39.0,93605.9371940766,Core / Mid-Tier
O0221,Tavern,Western Cape,Bellville,South Hub,12,1156,10356,285193.58,248.50537634232396,0.4157442164025616,1.0,96.33333333333333,287272.21505172644,Cash Cows
O0222,Bottle Store,Eastern Cape,Mdantsane,Coastal Hub,12,479,3196,88528.02,184.6926124825452,0.26772295350830516,1.0,39.916666666666664,88467.76137913915,Core / Mid-Tier
O0223,Liquor Store,Eastern Cape,Gqeberha,North Hub,12,566,3600,102308.3,181.69143391022192,0.3207475609957875,1.0,47.166666666666664,102837.3515931856,Core / Mid-Tier
O0224,Liquor Store,Eastern Cape,Mdantsane,South Hub,12,562,3577,100135.84,176.13822141423017,0.27365058869619546,1.0,46.833333333333336,98989.68043479737,Core / Mid-Tier
O0225,Liquor Store,KwaZulu-Natal,Umlazi,Coastal Hub,12,665,4176,119968.44,180.97771229844759,0.31093075636225614,1.0,55.416666666666664,120350.17867846764,Core / Mid-Tier
O0226,Liquor Store,Free State,Bloemfontein,North Hub,12,605,3934,107619.57,179.68305182422876,0.36533636535352604,1.0,50.416666666666664,108708.24635365838,Core / Mid-Tier
O0227,Tavern,Eastern Cape,Mdantsane,North Hub,12,1039,9434,257221.97999999998,249.2866190840575,0.3469959140915377,1.0000000000000002,86.58333333333333,259008.79722833572,Core / Mid-Tier
O0228,Bottle Store,Eastern Cape,Mdantsane,South Hub,12,541,3396,95047.76999999999,176.80716080323836,0.32478208299800654,1.0,45.083333333333336,95652.67399455195,Core / Mid-Tier
O0229,Tavern,Eastern Cape,Mdantsane,North Hub,12,1150,10531,291215.9,253.4486902357778,0.44452218738730404,1.0000000000000002,95.83333333333333,291465.9937711444,Cash Cows
O0230,Tavern,Western Cape,Bellville,North Hub,12,1046,9714,269710.51,257.36486333832505,0.40337334635580135,1.0,87.16666666666667,269203.64705188805,Occasional Big Spenders
O0231,Supermarket,Free State,Bloemfontein,South Hub,12,363,2616,74283.35,206.09025395092382,0.32576645845899094,1.0,30.25,74810.76218418534,Core / Mid-Tier
O0232,Tavern,KwaZulu-Natal,Pietermaritzburg,South Hub,12,1095,9681,273759.26,249.0164346059373,0.35280908173834885,1.0,91.25,272672.9958935013,Cash Cows
O0233,Supermarket,KwaZulu-Natal,Durban,North Hub,12,428,3228,89177.68000000001,210.57605784768975,0.35019620072286867,1.0,35.666666666666664,90126.55275881122,Core / Mid-Tier
O0234,Tavern,KwaZulu-Natal,Pietermaritzburg,South Hub,12,1053,9371,256848.54,243.65820335145008,0.3689319005285266,1.0,87.75,256572.08812907693,Core / Mid-Tier
O0235,Liquor Store,Limpopo,Polokwane,Coastal Hub,12,586,3829,105097.11,181.28506355426518,0.3008151541203385,1.0,48.833333333333336,106233.0472427994,Core / Mid-Tier
O0236,Bottle Store,Gauteng,Tembisa,South Hub,12,479,3153,88172.73,183.57658767239897,0.2650213564903388,1.0,39.916666666666664,87933.1854950791,Core / Mid-Tier
O0237,Tavern,Limpopo,Polokwane,North Hub,12,955,9065,248126.34999999998,262.1830331767944,0.40881482861080576,1.0,79.58333333333333,250384.79668383868,Occasional Big Spenders
O0238,Bottle Store,Free State,Bloemfontein,South Hub,12,493,3157,86934.44,176.72970683261693,0.37410813568634876,1.0,41.083333333333336,87127.74546848015,Core / Mid-Tier
O0239,Liquor Store,KwaZulu-Natal,Pietermaritzburg,South Hub,12,602,3917,111545.76000000001,184.38322788341793,0.338816343062494,1.0,50.166666666666664,110998.70318581759,Core / Mid-Tier
O0240,Liquor Store,Limpopo,Polokwane,Coastal Hub,12,650,4112,115748.56,177.79992913440196,0.2775324881061805,1.0,54.166666666666664,115569.95393736128,Core / Mid-Tier
O0241,Bottle Store,Limpopo,Polokwane,South Hub,12,520,3376,94012.44,180.83474914670788,0.37255348498571045,1.0,43.333333333333336,94034.0695562881,Core / Mid-Tier
O0242,Liquor Store,Western Cape,Khayelitsha,North Hub,12,567,3534,99393.79000000001,175.3155453354835,0.4111390305574498,1.0,47.25,99403.91420521916,Core / Mid-Tier
O0243,Tavern,Limpopo,Polokwane,Coastal Hub,12,1126,9872,285201.38,251.60707057934346,0.40318852085111856,1.0,93.83333333333333,283309.5614723407,Cash Cows
O0244,Tavern,Limpopo,Polokwane,North Hub,12,1031,9589,263563.41,256.2330396354401,0.3767792692624916,1.0,85.91666666666667,264176.26386413875,Occasional Big Spenders
O0245,Tavern,Western Cape,Bellville,Coastal Hub,12,1011,9469,255680.7,254.79557478662937,0.4106000342619667,1.0,84.25,257598.3261092823,Occasional Big Spenders
O0246,Liquor Store,KwaZulu-Natal,Pietermaritzburg,South Hub,12,673,4275,120430.42,179.12906610465265,0.3176608470850103,0.9999999999999999,56.083333333333336,120553.86148843124,Core / Mid-Tier
O0247,Liquor Store,Free State,Bloemfontein,Coastal Hub,12,658,4072,116330.51000000001,176.39319829187494,0.34756565645933907,1.0,54.833333333333336,116066.72447605371,Core / Mid-Tier
O0248,Tavern,Western Cape,Cape Town,North Hub,12,1078,9678,271491.82,251.64761495463404,0.44580233661849156,1.0,89.83333333333333,271276.12892109546,Cash Cows
O0249,Tavern,Western Cape,Cape Town,South Hub,12,1043,9576,260596.71,249.9217446460639,0.3365112547428333,1.0,86.91666666666667,260668.37966584467,Core / Mid-Tier
O0250,Liquor Store,Western Cape,Khayelitsha,South Hub,12,589,3748,103748.94,176.69515351097922,0.3394039699857671,1.0,49.083333333333336,104073.44541796675,Core / Mid-Tier
O0251,Liquor Store,Limpopo,Polokwane,North Hub,12,627,3937,111294.25,177.16236172417197,0.29710820990106723,1.0,52.25,111080.80080105583,Core / Mid-Tier
O0252,Liquor Store,Free State,Bloemfontein,North Hub,12,708,4634,128613.91,183.7340080037293,0.28727012948886077,1.0,59.0,130083.67766664035,Core / Mid-Tier
O0253,Tavern,Eastern Cape,Gqeberha,South Hub,12,966,8823,240198.83000000002,249.35910409763645,0.48062458402670644,1.0,80.5,240880.8945583168,Core / Mid-Tier
O0254,Supermarket,KwaZulu-Natal,Pietermaritzburg,Coastal Hub,12,453,3086,89030.55,196.49013042884965,0.3305339759071337,1.0,37.75,89010.02908426888,Core / Mid-Tier
O0255,Supermarket,Western Cape,Bellville,Coastal Hub,12,504,3705,101645.38,197.91043739035823,0.2670709439439398,1.0,42.0,99746.86044474054,Core / Mid-Tier
O0256,Tavern,Limpopo,Polokwane,South Hub,12,1025,9797,262186.27,255.0370427205456,0.4111426200545388,1.0,85.41666666666667,261412.96878855926,Occasional Big Spenders
O0257,Tavern,Limpopo,Polokwane,North Hub,12,1052,9568,267570.57,253.51196940285294,0.3645314448464965,1.0,87.66666666666667,266694.5918118013,Occasional Big Spenders
O0258,Supermarket,Limpopo,Polokwane,Coastal Hub,12,397,2864,80959.59,201.46749545166847,0.3852418187925304,1.0,33.083333333333336,79982.59569431239,Core / Mid-Tier
O0259,Liquor Store,Western Cape,Cape Town,Coastal Hub,12,612,3882,111211.69,180.80667642680774,0.36772210669410194,1.0,51.0,110653.68597320635,Core / Mid-Tier
O0260,Tavern,Western Cape,Cape Town,South Hub,12,1065,9454,265947.89,249.74563914448308,0.37480004285005947,1.0,88.75,265979.1056888745,Core / Mid-Tier
O0261,Tavern,Gauteng,Soweto,South Hub,12,1053,9184,260924.35,247.6985988095745,0.38281172529469726,1.0,87.75,260826.62454648194,Core / Mid-Tier
O0262,Bottle Store,KwaZulu-Natal,Pietermaritzburg,South Hub,12,474,3010,85723.99,181.37342857049728,0.32534982686512043,0.9999999999999999,39.5,85971.0051424157,Core / Mid-Tier
O0263,Tavern,Gauteng,Tembisa,North Hub,12,1123,10097,285373.3,256.337136711861,0.39911708531496887,1.0,93.58333333333333,287866.6045274199,Cash Cows
O0264,Tavern,KwaZulu-Natal,Durban,Coastal Hub,12,1007,9507,260165.81,259.4812446140948,0.35724415707011853,1.0,83.91666666666667,261297.61332639348,Occasional Big Spenders
O0265,Bottle Store,Limpopo,Polokwane,Coastal Hub,12,494,3271,90237.73,182.35741274984557,0.4127173885455369,1.0,41.166666666666664,90084.56189842371,Core / Mid-Tier
O0266,Tavern,Free State,Bloemfontein,South Hub,12,1145,10313,290688.35,254.30276945118547,0.3815067969315438,1.0,95.41666666666667,291176.67102160736,Cash Cows
O0267,Liquor Store,Limpopo,Polokwane,North Hub,12,664,4161,117321.87,174.77638184920008,0.3426638182253224,1.0,55.333333333333336,116051.51754786885,Core / Mid-Tier
O0268,Tavern,Gauteng,Tembisa,North Hub,12,1062,9633,265670.66,250.89437656544428,0.4148602475838301,1.0,88.5,266449.8279125018,Occasional Big Spenders
O0269,Bottle Store,Free State,Bloemfontein,North Hub,12,474,2975,86842.38,185.3314656387031,0.29984698258329406,1.0,39.5,87847.11471274527,Core / Mid-Tier
O0270,Liquor Store,Free State,Bloemfontein,Coastal Hub,12,706,4725,130306.21,185.50217475404213,0.31656044578076115,1.0,58.833333333333336,130964.53537635374,Core / Mid-Tier
O0271,Liquor Store,Free State,Bloemfontein,North Hub,12,591,3793,109837.3,185.3498733709465,0.4033492828537932,1.0,49.25,109541.77516222939,Core / Mid-Tier
O0272,Supermarket,Gauteng,Soweto,Coastal Hub,12,423,2887,79549.99,188.05957250432516,0.3341423441867386,1.0,35.25,79549.19916932954,Core / Mid-Tier
O0273,Liquor Store,Gauteng,Pretoria,Coastal Hub,12,695,4386,129070.3,186.06787783498078,0.35298882900710377,1.0,57.916666666666664,129317.17509531164,Core / Mid-Tier
O0274,Tavern,Free State,Bloemfontein,North Hub,12,1219,11110,308140.41,252.63568731454583,0.38663225036498733,1.0,101.58333333333333,307962.9028364314,Cash Cows
O0275,Liquor Store,Western Cape,Cape Town,Coastal Hub,12,671,4373,123363.44,182.7879935717319,0.36691240360683164,1.0,55.916666666666664,122650.74368663211,Core / Mid-Tier
O0276,Supermarket,Eastern Cape,Gqeberha,Coastal Hub,12,447,3088,89213.87,199.53054750805086,0.30340173457077474,1.0,37.25,89190.15473609873,Core / Mid-Tier
O0277,Liquor Store,Gauteng,Pretoria,South Hub,12,609,3839,110570.6,179.0508396347658,0.34260706212378705,1.0,50.75,109041.96133757237,Core / Mid-Tier
O0278,Supermarket,Limpopo,Polokwane,North Hub,12,454,3133,86631.07,187.67757157474963,0.3172699171717324,1.0,37.833333333333336,85205.61749493633,Core / Mid-Tier
O0279,Tavern,Limpopo,Polokwane,South Hub,12,1023,9529,262204.81,256.65692414095514,0.3583696623691414,1.0,85.25,262560.03339619713,Occasional Big Spenders
O0280,Supermarket,KwaZulu-Natal,Durban,South Hub,12,423,2980,85949.77,202.79170730173243,0.30748552165705867,1.0,35.25,85780.89218863282,Core / Mid-Tier
O0281,Supermarket,Free State,Bloemfontein,North Hub,12,482,3431,93490.52,192.94945349745703,0.3567789061321709,1.0,40.166666666666664,93001.63658577428,Core / Mid-Tier
O0282,Liquor Store,KwaZulu-Natal,Umlazi,North Hub,12,554,3616,102623.57,185.37941753896362,0.29885306686617324,1.0,46.166666666666664,102700.19731658585,Core / Mid-Tier
O0283,Tavern,KwaZulu-Natal,Durban,North Hub,12,1190,11080,306579.01,258.2750473868911,0.3803125301906534,1.0,99.16666666666667,307347.30639040045,Cash Cows
O0284,Tavern,Limpopo,Polokwane,Coastal Hub,12,927,8655,241164.56,261.6181360314001,0.34505624595889123,1.0,77.25,242520.01210110792,Occasional Big Spenders
O0285,Tavern,Eastern Cape,Mdantsane,South Hub,12,1150,10598,287567.01,250.44282364841274,0.4117195631146564,1.0,95.83333333333333,288009.24719567463,Cash Cows
O0286,Liquor Store,Western Cape,Bellville,North Hub,12,556,3499,98811.95,179.81743967918726,0.303554978614658,1.0,46.333333333333336,99978.49646162812,Core / Mid-Tier
O0287,Tavern,Eastern Cape,Gqeberha,North Hub,12,1141,10124,285223.54,249.68798814858974,0.34200521552402935,1.0,95.08333333333333,284893.9944775409,Cash Cows
O0288,Supermarket,Western Cape,Bellville,South Hub,12,404,2760,78959.22,197.26848247061682,0.3599317765065157,1.0,33.666666666666664,79696.46691812918,Core / Mid-Tier
O0289,Tavern,KwaZulu-Natal,Umlazi,Coastal Hub,12,1205,10988,304134.0,252.94098867005394,0.386592730460295,1.0,100.41666666666667,304793.89134741505,Cash Cows
O0290,Tavern,Western Cape,Cape Town,Coastal Hub,12,1212,10792,300022.97,246.31137038376949,0.36271644080691706,1.0,101.0,298529.38090512867,Cash Cows
O0291,Supermarket,Free State,Bloemfontein,South Hub,12,418,3031,84363.20999999999,201.18297017323343,0.3958443542191074,1.0,34.833333333333336,84094.48153241158,Core / Mid-Tier
O0292,Tavern,Free State,Bloemfontein,North Hub,12,1152,10509,295673.31,258.3736667614904,0.3970608938991071,1.0,96.0,297646.46410923696,Cash Cows
O0293,Liquor Store,KwaZulu-Natal,Umlazi,North Hub,12,645,4067,116321.68000000001,182.4039981914634,0.31624965793559234,1.0,53.75,117650.57883349387,Core / Mid-Tier
O0294,Tavern,Limpopo,Polokwane,North Hub,12,1048,9391,258982.25,247.56418280133508,0.4223514594685058,1.0,87.33333333333333,259447.26357579918,Core / Mid-Tier
O0295,Liquor Store,Eastern Cape,Mdantsane,North Hub,12,624,4136,112747.44,179.96033609469245,0.3833921570389512,1.0,52.0,112295.24972308808,Core / Mid-Tier
O0296,Tavern,Western Cape,Cape Town,South Hub,12,1139,10208,287306.77,252.75360242166266,0.46346447991581724,1.0,94.91666666666667,287886.3531582738,Cash Cows
O0297,Tavern,Gauteng,Johannesburg,Coastal Hub,12,1112,10088,280850.85,253.3683670869625,0.4682401476024005,1.0,92.66666666666667,281745.6242007023,Cash Cows
O0298,Tavern,Western Cape,Bellville,North Hub,12,1169,10785,293253.69,251.36256336124424,0.39083172332163035,1.0,97.41666666666667,293842.8365692945,Cash Cows
O0299,Supermarket,Free State,Bloemfontein,South Hub,12,460,3146,85936.89,187.1192900123991,0.294350959848141,1.0,38.333333333333336,86074.87340570358,Core / Mid-Tier
O0300,Tavern,Gauteng,Soweto,North Hub,12,1151,10341,288399.36,249.07808074149906,0.46091382129006025,1.0,95.91666666666667,286688.8709334654,Cash Cows
O0301,Liquor Store,Western Cape,Bellville,South Hub,12,511,3184,89237.77,174.03026613667762,0.3240427049122241,1.0,42.583333333333336,88929.46599584227,Core / Mid-Tier
O0302,Tavern,Gauteng,Soweto,North Hub,12,1148,10017,280960.85,244.38986562720856,0.37478283100098436,1.0,95.66666666666667,280559.56574003544,Cash Cows
O0303,Supermarket,Gauteng,Soweto,South Hub,12,466,3232,91664.58,196.54880183464192,0.3118257650335598,1.0,38.833333333333336,91591.74165494314,Core / Mid-Tier
O0304,Bottle Store,Western Cape,Bellville,North Hub,12,619,3915,113097.77,182.49254658622843,0.36042844920527317,1.0,51.583333333333336,112962.8863368754,Core / Mid-Tier
O0305,Bottle Store,Eastern Cape,Gqeberha,Coastal Hub,12,541,3409,98512.43,180.92752006499973,0.3287155013203441,1.0,45.083333333333336,97881.78835516486,Core / Mid-Tier
O0306,Liquor Store,Limpopo,Polokwane,South Hub,12,576,3757,103196.79000000001,181.7154470518025,0.2903278374572092,1.0,48.0,104668.09750183825,Core / Mid-Tier
O0307,Tavern,KwaZulu-Natal,Durban,South Hub,12,1035,9430,262369.74,255.78452441948085,0.30141716247088446,1.0,86.25,264736.98277416267,Occasional Big Spenders
O0308,Tavern,Gauteng,Soweto,South Hub,12,1126,10305,286495.64,255.40098317368268,0.3982578268666687,1.0,93.83333333333333,287581.50705356663,Cash Cows
O0309,Tavern,Eastern Cape,Mdantsane,Coastal Hub,12,1077,9636,271510.54,251.86528357850275,0.39144386295669015,1.0,89.75,271258.9104140475,Cash Cows
O0310,Tavern,Eastern Cape,Mdantsane,Coastal Hub,12,1183,10438,288902.9,243.88778578091535,0.38077360638434793,1.0,98.58333333333333,288519.2505788228,Cash Cows
O0311,Tavern,Limpopo,Polokwane,South Hub,12,1082,10248,281220.62,262.12861596749127,0.40693078765622887,1.0,90.16666666666667,283623.1624768256,Cash Cows
O0312,Supermarket,KwaZulu-Natal,Pietermaritzburg,Coastal Hub,12,436,3012,84686.58,194.01206409222527,0.34973359059855164,1.0,36.333333333333336,84589.25994421022,Core / Mid-Tier
O0313,Tavern,Gauteng,Johannesburg,Coastal Hub,12,985,8867,243889.78,245.95624255182256,0.30346422309211835,1.0,82.08333333333333,242266.8989135452,Core / Mid-Tier
O0314,Supermarket,Free State,Bloemfontein,South Hub,12,450,3357,94919.23,211.3725373100791,0.36130867232187924,1.0,37.5,95117.6417895356,Core / Mid-Tier
O0315,Liquor Store,KwaZulu-Natal,Pietermaritzburg,North Hub,12,602,3798,109819.7,184.01716535793926,0.31779602063963197,1.0,50.166666666666664,110778.33354547943,Core / Mid-Tier
O0316,Bottle Store,Limpopo,Polokwane,South Hub,12,465,2953,82537.4,176.9375849064471,0.37639141380601115,1.0,38.75,82275.97698149791,Core / Mid-Tier
O0317,Tavern,Western Cape,Bellville,South Hub,12,980,9084,251983.41,256.1288004404291,0.38888582022500146,1.0,81.66666666666667,251006.2244316205,Occasional Big Spenders
O0318,Tavern,Eastern Cape,Mdantsane,North Hub,12,1192,10920,303487.75,253.2021441779422,0.3281328353710358,1.0000000000000002,99.33333333333333,301816.9558601071,Cash Cows
O0319,Liquor Store,Free State,Bloemfontein,South Hub,12,692,4591,129367.54,188.317345743803,0.2422273848025034,1.0,57.666666666666664,130315.60325471166,Core / Mid-Tier
O0320,Supermarket,Gauteng,Tembisa,South Hub,12,457,3150,92959.18,202.0520967954516,0.37575226245456067,1.0,38.083333333333336,92337.80823552138,Core / Mid-Tier
O0321,Bottle Store,Free State,Bloemfontein,Coastal Hub,12,498,3096,89437.87,179.7853253450885,0.3692937106066186,1.0,41.5,89533.09202185407,Core / Mid-Tier
O0322,Liquor Store,KwaZulu-Natal,Pietermaritzburg,South Hub,12,569,3694,102471.95,179.93258496090004,0.33416352936970695,1.0,47.416666666666664,102381.64084275212,Core / Mid-Tier
O0323,Liquor Store,Free State,Bloemfontein,Coastal Hub,12,596,3741,104296.93,173.76106385065953,0.3532945015297135,1.0,49.666666666666664,103561.59405499307,Core / Mid-Tier
O0324,Tavern,Limpopo,Polokwane,Coastal Hub,12,1221,11108,304998.14,249.87855347631208,0.36740671785227397,1.0,101.75,305101.71379457705,Cash Cows
O0325,Tavern,Eastern Cape,Gqeberha,South Hub,12,1166,10650,293095.93,250.16790316417325,0.4026896136681069,1.0,97.16666666666667,291695.775089426,Cash Cows
O0326,Bottle Store,KwaZulu-Natal,Pietermaritzburg,South Hub,12,515,3347,93609.75,180.1402944032993,0.2969920303868762,1.0,42.916666666666664,92772.25161769913,Core / Mid-Tier
O0327,Bottle Store,Limpopo,Polokwane,Coastal Hub,12,572,3716,103850.73,180.86126549858693,0.3437965360815789,1.0,47.666666666666664,103452.64386519171,Core / Mid-Tier
O0328,Supermarket,Eastern Cape,Gqeberha,South Hub,12,499,3504,101299.79,203.4470868643912,0.31485316369811406,1.0,41.583333333333336,101520.09634533123,Core / Mid-Tier
O0329,Supermarket,Eastern Cape,Mdantsane,Coastal Hub,12,490,3443,95622.04,196.39328226266477,0.3180950523718745,1.0,40.833333333333336,96232.70830870574,Core / Mid-Tier
O0330,Tavern,KwaZulu-Natal,Umlazi,South Hub,12,1007,8930,251909.33,251.0956820747813,0.36089380946020055,1.0,83.91666666666667,252853.3518493048,Occasional Big Spenders
O0331,Supermarket,Western Cape,Khayelitsha,Coastal Hub,12,392,2819,79937.68000000001,203.15408084146466,0.31696796319464743,1.0,32.666666666666664,79636.39968985414,Core / Mid-Tier
O0332,Tavern,Eastern Cape,Gqeberha,North Hub,12,1202,10756,299913.74,249.60399902193774,0.3516372334997134,1.0,100.16666666666667,300024.0068243692,Cash Cows
O0333,Supermarket,KwaZulu-Natal,Umlazi,North Hub,12,350,2560,70939.51,197.48023222969732,0.3545518210583292,1.0,29.166666666666668,69118.08128039406,Core / Mid-Tier
O0334,Supermarket,Limpopo,Polokwane,Coastal Hub,12,465,3223,92778.85,201.1530401700966,0.3954693066666419,1.0,38.75,93536.16367909493,Core / Mid-Tier
O0335,Supermarket,Limpopo,Polokwane,South Hub,12,439,2998,85654.72,199.79929559985598,0.40710261441590156,1.0,36.583333333333336,87711.89076833677,Core / Mid-Tier
O0336,Tavern,Gauteng,Johannesburg,Coastal Hub,12,998,9118,254432.52,257.57545829268196,0.41882648332245925,1.0,83.16666666666667,257060.3073760966,Occasional Big Spenders
O0337,Tavern,Western Cape,Bellville,Coastal Hub,12,1115,10015,277202.29000000004,249.22941548882807,0.3850208066219191,1.0,92.91666666666667,277890.79827004333,Cash Cows
O0338,Tavern,Western Cape,Khayelitsha,Coastal Hub,12,1069,9615,265580.38,248.18659003002074,0.3886990284250971,1.0,89.08333333333333,265311.4647420922,Core / Mid-Tier
O0339,Tavern,Limpopo,Polokwane,South Hub,12,1104,9748,269021.42,245.21423146979703,0.4190556525516586,1.0,92.0,270716.51154265594,Core / Mid-Tier
O0340,Bottle Store,Eastern Cape,Mdantsane,Coastal Hub,12,500,3094,90312.0,179.85340227122992,0.36753271022839024,1.0,41.666666666666664,89926.70113561496,Core / Mid-Tier
O0341,Bottle Store,Free State,Bloemfontein,South Hub,12,493,3206,91869.68000000001,187.88475673626786,0.3749558962925079,1.0,41.083333333333336,92627.18507098006,Core / Mid-Tier
O0342,Liquor Store,Eastern Cape,Mdantsane,North Hub,12,688,4416,123412.26999999999,179.1570919225264,0.3389182748626555,1.0,57.333333333333336,123260.07924269818,Core / Mid-Tier
O0343,Tavern,Gauteng,Johannesburg,Coastal Hub,12,1045,9542,261713.43,253.14569748164544,0.3614113198434894,1.0,87.08333333333333,264537.25386831944,Occasional Big Spenders
O0344,Bottle Store,KwaZulu-Natal,Pietermaritzburg,Coastal Hub,12,471,2737,79791.13,168.93013695131606,0.28755197945813865,1.0,39.25,79566.09450406986,Core / Mid-Tier
O0345,Tavern,Limpopo,Polokwane,Coastal Hub,12,1129,9984,280832.65,248.77968084053268,0.3089527370942636,1.0,94.08333333333333,280872.2596689614,Cash Cows
O0346,Tavern,Limpopo,Polokwane,North Hub,12,1030,9193,257684.73,250.60415997066912,0.43696507073928187,1.0000000000000002,85.83333333333333,258122.28476978917,Core / Mid-Tier
O0347,Liquor Store,KwaZulu-Natal,Umlazi,Coastal Hub,12,622,4026,111927.86,180.34046793925938,0.33751609668903565,1.0,51.833333333333336,112171.77105821934,Core / Mid-Tier
O0348,Tavern,Gauteng,Pretoria,South Hub,12,1119,10241,281634.83999999997,251.05542129784294,0.33068247344950635,1.0,93.25,280931.01643228624,Cash Cows
O0349,Bottle Store,Eastern Cape,Gqeberha,South Hub,12,488,3238,91561.41,188.34501857498444,0.3237892837314948,1.0,40.666666666666664,91912.3690645924,Core / Mid-Tier
O0350,Supermarket,Western Cape,Cape Town,South Hub,12,376,2663,72847.75,194.45523226334512,0.29228429854162974,1.0,31.333333333333332,73115.16733101776,Core / Mid-Tier
O0351,Tavern,Western Cape,Bellville,South Hub,12,1127,10205,288569.36,255.76907743875574,0.4291587816145377,1.0,93.91666666666667,288251.75027347775,Cash Cows
O0352,Liquor Store,Eastern Cape,Gqeberha,North Hub,12,616,4047,114774.24,184.45440753126522,0.38436323633557595,1.0,51.333333333333336,113623.91503925939,Core / Mid-Tier
O0353,Tavern,KwaZulu-Natal,Umlazi,South Hub,12,1101,10138,283265.79,257.8229145917769,0.38344735357131693,1.0,91.75,283863.02896554634,Cash Cows
O0354,Tavern,KwaZulu-Natal,Durban,South Hub,12,1050,9583,259193.98,248.31192321431027,0.3611404343253238,1.0,87.5,260727.51937502582,Core / Mid-Tier
O0355,Liquor Store,Eastern Cape,Mdantsane,North Hub,12,617,3877,112447.46,182.8892977173763,0.2676817661274132,1.0,51.416666666666664,112842.69669162118,Core / Mid-Tier
O0356,Supermarket,Eastern Cape,Gqeberha,North Hub,12,410,2860,83439.89,202.49734148478078,0.35861042911592783,1.0,34.166666666666664,83023.91000876011,Core / Mid-Tier
O0357,Liquor Store,Eastern Cape,Gqeberha,South Hub,12,633,4123,112713.33,176.87457985713885,0.27907544248739824,1.0,52.75,111961.60904956891,Core / Mid-Tier
O0358,Liquor Store,Gauteng,Pretoria,North Hub,12,660,4096,116654.28,175.8103405469121,0.28494080631395596,1.0,55.0,116034.82476096199,Core / Mid-Tier
O0359,Tavern,Eastern Cape,Mdantsane,South Hub,12,1090,10141,273562.46,249.6862504234713,0.39707680532814393,1.0,90.83333333333333,272158.0129615837,Cash Cows
O0360,Bottle Store,Western Cape,Khayelitsha,Coastal Hub,12,507,3156,87549.71,174.9823777442884,0.36788392222536265,1.0,42.25,88716.06551635423,Core / Mid-Tier
O0361,Liquor Store,KwaZulu-Natal,Umlazi,Coastal Hub,12,653,4151,120712.2,184.38707391195,0.37471269808397056,1.0,54.416666666666664,120404.75926450336,Core / Mid-Tier
O0362,Tavern,Limpopo,Polokwane,South Hub,12,1050,9780,271083.05,254.59287488072246,0.3876327836331541,1.0,87.5,267322.5186247586,Occasional Big Spenders
O0363,Liquor Store,Eastern Cape,Mdantsane,Coastal Hub,12,694,4550,128900.49,185.38010383500696,0.3015513351460838,1.0,57.833333333333336,128653.79206149484,Core / Mid-Tier
O0364,Supermarket,Western Cape,Bellville,North Hub,12,463,3249,91464.57,198.27479045336338,0.3999947217178638,1.0,38.583333333333336,91801.22797990724,Core / Mid-Tier
O0365,Liquor Store,Free State,Bloemfontein,Coastal Hub,12,682,4268,121985.56,181.04965660636893,0.3217948320453983,1.0,56.833333333333336,123475.86580554361,Core / Mid-Tier
O0366,Tavern,Limpopo,Polokwane,Coastal Hub,12,1098,9829,269516.29000000004,244.50293661197944,0.4137680063209627,1.0,91.5,268464.22439995344,Cash Cows
O0367,Bottle Store,Free State,Bloemfontein,South Hub,12,565,3362,97113.41,172.7969365939393,0.3147544323959329,1.0000000000000002,47.083333333333336,97630.26917557571,Core / Mid-Tier
O0368,Supermarket,Limpopo,Polokwane,Coastal Hub,12,428,2938,85592.43,198.1642143334932,0.35365139743604984,1.0000000000000002,35.666666666666664,84814.28373473509,Core / Mid-Tier
O0369,Supermarket,Gauteng,Pretoria,South Hub,12,402,2954,81634.91,201.409322306059,0.3456861066146644,1.0,33.5,80966.54756703573,Core / Mid-Tier
O0370,Supermarket,Western Cape,Khayelitsha,Coastal Hub,12,416,3158,89574.76,219.44210453293624,0.3933307977227615,1.0,34.666666666666664,91287.91548570147,Core / Mid-Tier
O0371,Tavern,Free State,Bloemfontein,South Hub,12,1062,9767,272539.21,255.83739743208943,0.3723654015769074,1.0,88.5,271699.316072879,Occasional Big Spenders
O0372,Tavern,Gauteng,Soweto,South Hub,12,1013,9283,253835.79,251.72410100451256,0.41795810531822114,1.0,84.41666666666667,254996.51431757124,Occasional Big Spenders
O0373,Liquor Store,Eastern Cape,Gqeberha,South Hub,12,511,3304,95654.97,188.49780940701172,0.4521583109407447,1.0,42.583333333333336,96322.38060698299,Core / Mid-Tier
O0374,Tavern,Gauteng,Soweto,South Hub,12,1031,9141,259219.45,251.69779644386247,0.42739836701986866,1.0,85.91666666666667,259500.42813362222,Occasional Big Spenders
O0375,Liquor Store,Limpopo,Polokwane,South Hub,12,646,4100,117754.54000000001,181.73442111689087,0.30182261437960967,1.0,53.833333333333336,117400.43604151151,Core / Mid-Tier
O0376,Bottle Store,Gauteng,Johannesburg,South Hub,12,452,2663,78542.83,173.0410243484829,0.330166732067219,1.0,37.666666666666664,78214.54300551426,Core / Mid-Tier
O0377,Tavern,KwaZulu-Natal,Umlazi,Coastal Hub,12,1194,10669,298720.74,249.32362891954494,0.38605114992950035,1.0,99.5,297692.41292993666,Cash Cows
O0378,Liquor Store,Gauteng,Johannesburg,South Hub,12,559,3449,102595.9,182.3810055539365,0.29991344598648867,1.0,46.583333333333336,101950.9821046505,Core / Mid-Tier
O0379,Supermarket,Eastern Cape,Gqeberha,South Hub,12,480,3355,91917.81,192.45464416046232,0.35687979756652616,1.0,40.0,92378.22919702191,Core / Mid-Tier
O0380,Tavern,KwaZulu-Natal,Umlazi,Coastal Hub,12,1078,9682,267410.7,247.6882058661904,0.42167241545226025,1.0,89.83333333333333,267007.88592375326,Core / Mid-Tier
O0381,Bottle Store,Western Cape,Cape Town,North Hub,12,538,3343,95470.02,178.60190793157903,0.31916639635787486,1.0,44.833333333333336,96087.82646718953,Core / Mid-Tier
O0382,Liquor Store,Eastern Cape,Mdantsane,Coastal Hub,12,621,4035,113504.9,182.78044181799575,0.3526291233062842,1.0,51.75,113506.65436897536,Core / Mid-Tier
O0383,Tavern,Free State,Bloemfontein,North Hub,12,1028,9326,266915.62,259.0772947563186,0.4274119370837721,1.0,85.66666666666667,266331.45900949556,Occasional Big Spenders
O0384,Supermarket,Gauteng,Johannesburg,Coastal Hub,12,384,2808,76118.25,198.45292047070654,0.4089351278249311,1.0000000000000002,32.0,76205.92146075131,Core / Mid-Tier
O0385,Liquor Store,KwaZulu-Natal,Umlazi,Coastal Hub,12,638,3937,114094.23000000001,179.6623603789493,0.3292522733729308,1.0,53.166666666666664,114624.58592176966,Core / Mid-Tier
O0386,Tavern,Gauteng,Johannesburg,South Hub,12,1053,9869,270301.67,254.52951387158294,0.45975438867529234,1.0,87.75,268019.5781067768,Occasional Big Spenders
O0387,Supermarket,Western Cape,Khayelitsha,South Hub,12,461,3206,91543.53,198.4114331761509,0.29630190793238786,1.0,38.416666666666664,91467.67069420556,Core / Mid-Tier
O0388,Liquor Store,Western Cape,Khayelitsha,North Hub,12,614,3943,113368.87,181.59986358518893,0.291772271607657,1.0,51.166666666666664,111502.316241306,Core / Mid-Tier
O0389,Tavern,Western Cape,Cape Town,Coastal Hub,12,1007,9058,257239.91,254.92798435487978,0.4102499491167075,1.0,83.91666666666667,256712.48024536396,Occasional Big Spenders
O0390,Supermarket,Eastern Cape,Gqeberha,South Hub,12,411,2860,79026.4,191.53536042009605,0.3188706038936257,1.0,34.25,78721.03313265948,Core / Mid-Tier
O0391,Bottle Store,Limpopo,Polokwane,North Hub,12,464,2992,84095.7,183.04062812937298,0.29830906080359537,1.0,38.666666666666664,84930.85145202905,Core / Mid-Tier
O0392,Liquor Store,Limpopo,Polokwane,Coastal Hub,12,559,3622,101690.09,180.71740663782563,0.3640235357232087,1.0,46.583333333333336,101021.03031054453,Core / Mid-Tier
O0393,Tavern,Free State,Bloemfontein,North Hub,12,944,8706,234287.01,250.97825339874888,0.44381611764782564,1.0,78.66666666666667,236923.47120841895,Occasional Big Spenders
O0394,Bottle Store,KwaZulu-Natal,Umlazi,Coastal Hub,12,489,3019,87501.98999999999,177.7508854958527,0.36533289631349436,1.0,40.75,86920.18300747198,Core / Mid-Tier
O0395,Tavern,Free State,Bloemfontein,South Hub,12,1002,8931,247544.41999999998,248.30480097370776,0.4724113719422702,1.0,83.5,248801.41057565517,Core / Mid-Tier
O0396,Supermarket,Limpopo,Polokwane,Coastal Hub,12,394,2736,76521.39,192.39875971871027,0.3721564133357,1.0,32.833333333333336,75805.11132917185,Core / Mid-Tier
O0397,Tavern,Eastern Cape,Mdantsane,Coastal Hub,12,1054,9590,266126.69,250.6994691340243,0.44166260400059104,1.0,87.83333333333333,264237.2404672616,Occasional Big Spenders
O0398,Tavern,KwaZulu-Natal,Pietermaritzburg,South Hub,12,1018,9372,262435.08,258.44069018637884,0.37153179441692274,1.0,84.83333333333333,263092.62260973366,Occasional Big Spenders
O0399,Liquor Store,Free State,Bloemfontein,South Hub,12,556,3675,104513.29,189.75419916291912,0.3393798497820555,1.0,46.333333333333336,105503.33473458303,Core / Mid-Tier
O0400,Tavern,Western Cape,Bellville,Coastal Hub,12,936,8658,233723.9,248.95588726051096,0.3956487900661882,1.0000000000000002,78.0,233022.71047583828,Core / Mid-Tier
O0401,Tavern,Eastern Cape,Mdantsane,Coastal Hub,12,1100,9983,279155.78,256.2163776835796,0.33880140875217996,1.0,91.66666666666667,281838.01545193756,Cash Cows
O0402,Liquor Store,Eastern Cape,Gqeberha,South Hub,12,696,4320,120654.38,173.530979067644,0.327731126505254,1.0,58.0,120777.56143108022,Core / Mid-Tier
O0403,Bottle Store,Western Cape,Khayelitsha,South Hub,12,438,2865,82305.08,187.10718576363118,0.3702543858333058,1.0,36.5,81952.94736447046,Core / Mid-Tier
O0404,Tavern,Eastern Cape,Mdantsane,South Hub,12,1043,9353,257304.97,245.91065247533092,0.3519063658702928,1.0,86.91666666666667,256484.81053177017,Core / Mid-Tier
O0405,Liquor Store,Free State,Bloemfontein,Coastal Hub,12,626,3746,110377.72,177.17466070361482,0.3477819094814258,1.0,52.166666666666664,110911.33760046287,Core / Mid-Tier
O0406,Supermarket,KwaZulu-Natal,Durban,North Hub,12,426,3133,86190.05,201.68942879962893,0.3722268641844173,1.0,35.5,85919.69666864193,Core / Mid-Tier
O0407,Tavern,Limpopo,Polokwane,Coastal Hub,12,1157,10687,298420.39,259.8477895809367,0.37475715502392837,1.0,96.41666666666667,300643.8925451438,Cash Cows
O0408,Tavern,Limpopo,Polokwane,South Hub,12,1065,9714,271992.04,255.29191374689276,0.3421302522279706,1.0,88.75,271885.8881404408,Occasional Big Spenders
O0409,Tavern,Free State,Bloemfontein,Coastal Hub,12,1116,9877,278216.67,248.64133512707102,0.3746140348235347,1.0,93.0,277483.7300018113,Cash Cows
O0410,Tavern,Free State,Bloemfontein,South Hub,12,1146,10526,292556.25,254.80056306773213,0.4171597041589619,1.0,95.5,292001.445275621,Cash Cows
O0411,Liquor Store,Gauteng,Soweto,Coastal Hub,12,657,4148,121129.18,183.8867100605098,0.30315439519749976,1.0,54.75,120813.56850975494,Core / Mid-Tier
O0412,Liquor Store,Western Cape,Bellville,South Hub,12,597,3822,106537.69,179.3432799503327,0.3660535283282175,1.0,49.75,107067.9381303486,Core / Mid-Tier
O0413,Supermarket,Gauteng,Tembisa,South Hub,12,425,3000,81151.31,191.54824724388675,0.348147920240079,1.0,35.416666666666664,81408.00507865186,Core / Mid-Tier
O0414,Supermarket,Free State,Bloemfontein,North Hub,12,460,3387,94033.9,203.88059724576576,0.32792687623108824,1.0,38.333333333333336,93785.07473305226,Core / Mid-Tier
O0415,Tavern,Limpopo,Polokwane,South Hub,12,1066,9617,270833.51,252.98833386065778,0.3926472912469396,1.0,88.83333333333333,269685.5638954612,Cash Cows
O0416,Tavern,KwaZulu-Natal,Pietermaritzburg,North Hub,12,1069,10174,274045.11,256.6202647131956,0.3410484477375733,1.0,89.08333333333333,274327.06297840603,Cash Cows
O0417,Tavern,Limpopo,Polokwane,South Hub,12,1204,11343,308401.47,256.41257088456865,0.35591594838646384,1.0,100.33333333333333,308720.73534502066,Cash Cows
O0418,Tavern,Eastern Cape,Mdantsane,South Hub,12,1146,9874,282662.78,247.0055513093112,0.33588836923231263,1.0,95.5,283068.3618004706,Cash Cows
O0419,Liquor Store,Eastern Cape,Gqeberha,Coastal Hub,12,676,4594,127063.5,189.26291447721906,0.30683785548033843,1.0,56.333333333333336,127941.73018660009,Core / Mid-Tier
O0420,Tavern,KwaZulu-Natal,Pietermaritzburg,Coastal Hub,12,1123,10063,279931.03,249.17183332254515,0.4137588082507984,1.0,93.58333333333333,279819.96882121824,Cash Cows
